<?xml version="1.0" encoding="UTF-8"?>

<!-- generated on 2022-11-28 21:08:29 by Eclipse SUMO GUI Version 1.13.0
<configuration xmlns:xsi="http://www.w3.org/2001/XMLSchema-instance" xsi:noNamespaceSchemaLocation="http://sumo.dlr.de/xsd/sumoConfiguration.xsd">

    <input>
        <net-file value="D:\研究生\0.论文\cav采集数据换道\0.SUMO仿真（数据表）\搭建成果\随机车流\map.net.xml"/>
        <route-files value="D:\研究生\0.论文\cav采集数据换道\0.SUMO仿真（数据表）\搭建成果\随机车流\map.rou.xml"/>
        <additional-files value="D:\研究生\0.论文\cav采集数据换道\0.SUMO仿真（数据表）\搭建成果\随机车流\veh_type.xml"/>
    </input>

    <output>
        <summary-output value="D:\研究生\0.论文\cav采集数据换道\0.SUMO仿真（数据表）\搭建成果\随机车流\summary.xml"/>
    </output>

</configuration>
-->

<summary xmlns:xsi="http://www.w3.org/2001/XMLSchema-instance" xsi:noNamespaceSchemaLocation="http://sumo.dlr.de/xsd/summary_file.xsd">
    <step time="0.00" loaded="2" inserted="1" running="1" waiting="0" ended="0" arrived="0" collisions="0" teleports="0" halting="0" stopped="0" meanWaitingTime="0.00" meanTravelTime="-1.00" meanSpeed="14.72" meanSpeedRelative="1.06" duration="816914836"/>
    <step time="1.00" loaded="148" inserted="2" running="2" waiting="0" ended="0" arrived="0" collisions="0" teleports="0" halting="0" stopped="0" meanWaitingTime="0.00" meanTravelTime="-1.00" meanSpeed="13.57" meanSpeedRelative="0.98" duration="816914947"/>
    <step time="2.00" loaded="148" inserted="2" running="2" waiting="0" ended="0" arrived="0" collisions="0" teleports="0" halting="0" stopped="0" meanWaitingTime="0.00" meanTravelTime="-1.00" meanSpeed="13.26" meanSpeedRelative="0.95" duration="816915056"/>
    <step time="3.00" loaded="148" inserted="3" running="3" waiting="0" ended="0" arrived="0" collisions="0" teleports="0" halting="0" stopped="0" meanWaitingTime="0.00" meanTravelTime="-1.00" meanSpeed="12.85" meanSpeedRelative="0.92" duration="816915166"/>
    <step time="4.00" loaded="148" inserted="4" running="4" waiting="0" ended="0" arrived="0" collisions="0" teleports="0" halting="0" stopped="0" meanWaitingTime="0.00" meanTravelTime="-1.00" meanSpeed="11.93" meanSpeedRelative="0.86" duration="816915277"/>
    <step time="5.00" loaded="148" inserted="5" running="5" waiting="0" ended="0" arrived="0" collisions="0" teleports="0" halting="0" stopped="0" meanWaitingTime="0.00" meanTravelTime="-1.00" meanSpeed="11.61" meanSpeedRelative="0.84" duration="816915386"/>
    <step time="6.00" loaded="148" inserted="5" running="5" waiting="0" ended="0" arrived="0" collisions="0" teleports="0" halting="0" stopped="0" meanWaitingTime="0.00" meanTravelTime="-1.00" meanSpeed="10.72" meanSpeedRelative="0.77" duration="816915498"/>
    <step time="7.00" loaded="148" inserted="5" running="5" waiting="0" ended="0" arrived="0" collisions="0" teleports="0" halting="1" stopped="0" meanWaitingTime="0.00" meanTravelTime="-1.00" meanSpeed="11.06" meanSpeedRelative="0.80" duration="816915606"/>
    <step time="8.00" loaded="148" inserted="6" running="6" waiting="0" ended="0" arrived="0" collisions="0" teleports="0" halting="1" stopped="0" meanWaitingTime="0.00" meanTravelTime="-1.00" meanSpeed="11.09" meanSpeedRelative="0.80" duration="816915715"/>
    <step time="9.00" loaded="148" inserted="7" running="7" waiting="0" ended="0" arrived="0" collisions="0" teleports="0" halting="1" stopped="0" meanWaitingTime="0.00" meanTravelTime="-1.00" meanSpeed="11.36" meanSpeedRelative="0.82" duration="816915824"/>
    <step time="10.00" loaded="148" inserted="8" running="8" waiting="0" ended="0" arrived="0" collisions="0" teleports="0" halting="1" stopped="0" meanWaitingTime="0.00" meanTravelTime="-1.00" meanSpeed="11.30" meanSpeedRelative="0.81" duration="816915936"/>
    <step time="11.00" loaded="148" inserted="9" running="9" waiting="0" ended="0" arrived="0" collisions="0" teleports="0" halting="1" stopped="0" meanWaitingTime="0.00" meanTravelTime="-1.00" meanSpeed="11.42" meanSpeedRelative="0.82" duration="816916046"/>
    <step time="12.00" loaded="148" inserted="10" running="10" waiting="0" ended="0" arrived="0" collisions="0" teleports="0" halting="1" stopped="0" meanWaitingTime="0.00" meanTravelTime="-1.00" meanSpeed="11.46" meanSpeedRelative="0.83" duration="816916158"/>
    <step time="13.00" loaded="148" inserted="10" running="10" waiting="0" ended="0" arrived="0" collisions="0" teleports="0" halting="1" stopped="0" meanWaitingTime="0.00" meanTravelTime="-1.00" meanSpeed="10.76" meanSpeedRelative="0.77" duration="816916270"/>
    <step time="14.00" loaded="148" inserted="11" running="11" waiting="0" ended="0" arrived="0" collisions="0" teleports="0" halting="1" stopped="0" meanWaitingTime="0.00" meanTravelTime="-1.00" meanSpeed="11.15" meanSpeedRelative="0.80" duration="816916380"/>
    <step time="15.00" loaded="148" inserted="12" running="12" waiting="0" ended="0" arrived="0" collisions="0" teleports="0" halting="1" stopped="0" meanWaitingTime="0.00" meanTravelTime="-1.00" meanSpeed="11.33" meanSpeedRelative="0.82" duration="816916491"/>
    <step time="16.00" loaded="148" inserted="13" running="13" waiting="0" ended="0" arrived="0" collisions="0" teleports="0" halting="1" stopped="0" meanWaitingTime="0.00" meanTravelTime="-1.00" meanSpeed="11.63" meanSpeedRelative="0.84" duration="816916600"/>
    <step time="17.00" loaded="148" inserted="14" running="14" waiting="0" ended="0" arrived="0" collisions="0" teleports="0" halting="1" stopped="0" meanWaitingTime="0.00" meanTravelTime="-1.00" meanSpeed="11.93" meanSpeedRelative="0.86" duration="816916710"/>
    <step time="18.00" loaded="148" inserted="15" running="15" waiting="0" ended="0" arrived="0" collisions="0" teleports="0" halting="1" stopped="0" meanWaitingTime="0.00" meanTravelTime="-1.00" meanSpeed="11.87" meanSpeedRelative="0.85" duration="816916820"/>
    <step time="19.00" loaded="148" inserted="16" running="16" waiting="0" ended="0" arrived="0" collisions="0" teleports="0" halting="1" stopped="0" meanWaitingTime="0.00" meanTravelTime="-1.00" meanSpeed="11.57" meanSpeedRelative="0.83" duration="816916930"/>
    <step time="20.00" loaded="148" inserted="17" running="17" waiting="0" ended="0" arrived="0" collisions="0" teleports="0" halting="1" stopped="0" meanWaitingTime="0.00" meanTravelTime="-1.00" meanSpeed="11.08" meanSpeedRelative="0.80" duration="816917040"/>
    <step time="21.00" loaded="148" inserted="18" running="18" waiting="0" ended="0" arrived="0" collisions="0" teleports="0" halting="1" stopped="0" meanWaitingTime="0.00" meanTravelTime="-1.00" meanSpeed="10.62" meanSpeedRelative="0.76" duration="816917150"/>
    <step time="22.00" loaded="148" inserted="18" running="18" waiting="0" ended="0" arrived="0" collisions="0" teleports="0" halting="2" stopped="0" meanWaitingTime="0.00" meanTravelTime="-1.00" meanSpeed="10.26" meanSpeedRelative="0.74" duration="816917258"/>
    <step time="23.00" loaded="148" inserted="19" running="19" waiting="0" ended="0" arrived="0" collisions="0" teleports="0" halting="3" stopped="0" meanWaitingTime="0.00" meanTravelTime="-1.00" meanSpeed="10.30" meanSpeedRelative="0.74" duration="816917369"/>
    <step time="24.00" loaded="148" inserted="20" running="20" waiting="0" ended="0" arrived="0" collisions="0" teleports="0" halting="3" stopped="0" meanWaitingTime="0.00" meanTravelTime="-1.00" meanSpeed="10.26" meanSpeedRelative="0.74" duration="816917479"/>
    <step time="25.00" loaded="148" inserted="21" running="21" waiting="0" ended="0" arrived="0" collisions="0" teleports="0" halting="3" stopped="0" meanWaitingTime="0.00" meanTravelTime="-1.00" meanSpeed="10.38" meanSpeedRelative="0.75" duration="816917590"/>
    <step time="26.00" loaded="148" inserted="22" running="22" waiting="0" ended="0" arrived="0" collisions="0" teleports="0" halting="4" stopped="0" meanWaitingTime="0.00" meanTravelTime="-1.00" meanSpeed="10.19" meanSpeedRelative="0.73" duration="816917699"/>
    <step time="27.00" loaded="148" inserted="22" running="22" waiting="0" ended="0" arrived="0" collisions="0" teleports="0" halting="4" stopped="0" meanWaitingTime="0.00" meanTravelTime="-1.00" meanSpeed="9.99" meanSpeedRelative="0.72" duration="816917807"/>
    <step time="28.00" loaded="148" inserted="23" running="23" waiting="0" ended="0" arrived="0" collisions="0" teleports="0" halting="4" stopped="0" meanWaitingTime="0.00" meanTravelTime="-1.00" meanSpeed="9.84" meanSpeedRelative="0.71" duration="816917915"/>
    <step time="29.00" loaded="148" inserted="24" running="24" waiting="0" ended="0" arrived="0" collisions="0" teleports="0" halting="6" stopped="0" meanWaitingTime="0.00" meanTravelTime="-1.00" meanSpeed="9.58" meanSpeedRelative="0.69" duration="816918022"/>
    <step time="30.00" loaded="148" inserted="25" running="25" waiting="0" ended="0" arrived="0" collisions="0" teleports="0" halting="5" stopped="0" meanWaitingTime="0.00" meanTravelTime="-1.00" meanSpeed="9.49" meanSpeedRelative="0.68" duration="816918132"/>
    <step time="31.00" loaded="148" inserted="25" running="25" waiting="0" ended="0" arrived="0" collisions="0" teleports="0" halting="6" stopped="0" meanWaitingTime="0.00" meanTravelTime="-1.00" meanSpeed="9.51" meanSpeedRelative="0.68" duration="816918243"/>
    <step time="32.00" loaded="148" inserted="25" running="25" waiting="0" ended="0" arrived="0" collisions="0" teleports="0" halting="6" stopped="0" meanWaitingTime="0.00" meanTravelTime="-1.00" meanSpeed="9.28" meanSpeedRelative="0.67" duration="816918353"/>
    <step time="33.00" loaded="148" inserted="25" running="25" waiting="0" ended="0" arrived="0" collisions="0" teleports="0" halting="6" stopped="0" meanWaitingTime="0.00" meanTravelTime="-1.00" meanSpeed="8.93" meanSpeedRelative="0.64" duration="816918462"/>
    <step time="34.00" loaded="148" inserted="25" running="25" waiting="0" ended="0" arrived="0" collisions="0" teleports="0" halting="6" stopped="0" meanWaitingTime="0.00" meanTravelTime="-1.00" meanSpeed="8.45" meanSpeedRelative="0.61" duration="816918574"/>
    <step time="35.00" loaded="148" inserted="26" running="26" waiting="0" ended="0" arrived="0" collisions="0" teleports="0" halting="6" stopped="0" meanWaitingTime="0.00" meanTravelTime="-1.00" meanSpeed="8.04" meanSpeedRelative="0.58" duration="816918686"/>
    <step time="36.00" loaded="148" inserted="27" running="27" waiting="0" ended="0" arrived="0" collisions="0" teleports="0" halting="7" stopped="0" meanWaitingTime="0.00" meanTravelTime="-1.00" meanSpeed="7.67" meanSpeedRelative="0.55" duration="816918798"/>
    <step time="37.00" loaded="148" inserted="28" running="28" waiting="0" ended="0" arrived="0" collisions="0" teleports="0" halting="8" stopped="0" meanWaitingTime="0.00" meanTravelTime="-1.00" meanSpeed="7.42" meanSpeedRelative="0.53" duration="816918908"/>
    <step time="38.00" loaded="148" inserted="29" running="29" waiting="0" ended="0" arrived="0" collisions="0" teleports="0" halting="11" stopped="0" meanWaitingTime="0.00" meanTravelTime="-1.00" meanSpeed="7.62" meanSpeedRelative="0.55" duration="816919016"/>
    <step time="39.00" loaded="148" inserted="30" running="30" waiting="0" ended="0" arrived="0" collisions="0" teleports="0" halting="12" stopped="0" meanWaitingTime="0.00" meanTravelTime="-1.00" meanSpeed="7.35" meanSpeedRelative="0.53" duration="816919126"/>
    <step time="40.00" loaded="148" inserted="31" running="31" waiting="0" ended="0" arrived="0" collisions="0" teleports="0" halting="12" stopped="0" meanWaitingTime="0.00" meanTravelTime="-1.00" meanSpeed="7.40" meanSpeedRelative="0.53" duration="816919238"/>
    <step time="41.00" loaded="148" inserted="32" running="32" waiting="0" ended="0" arrived="0" collisions="0" teleports="0" halting="12" stopped="0" meanWaitingTime="0.00" meanTravelTime="-1.00" meanSpeed="7.42" meanSpeedRelative="0.53" duration="816919346"/>
    <step time="42.00" loaded="148" inserted="33" running="33" waiting="0" ended="0" arrived="0" collisions="0" teleports="0" halting="12" stopped="0" meanWaitingTime="0.00" meanTravelTime="-1.00" meanSpeed="7.48" meanSpeedRelative="0.54" duration="816919456"/>
    <step time="43.00" loaded="148" inserted="34" running="34" waiting="0" ended="0" arrived="0" collisions="0" teleports="0" halting="13" stopped="0" meanWaitingTime="0.00" meanTravelTime="-1.00" meanSpeed="7.66" meanSpeedRelative="0.55" duration="816919568"/>
    <step time="44.00" loaded="148" inserted="34" running="34" waiting="0" ended="0" arrived="0" collisions="0" teleports="0" halting="14" stopped="0" meanWaitingTime="0.00" meanTravelTime="-1.00" meanSpeed="7.14" meanSpeedRelative="0.51" duration="816919678"/>
    <step time="45.00" loaded="148" inserted="35" running="35" waiting="0" ended="0" arrived="0" collisions="0" teleports="0" halting="14" stopped="0" meanWaitingTime="0.00" meanTravelTime="-1.00" meanSpeed="7.01" meanSpeedRelative="0.50" duration="816919788"/>
    <step time="46.00" loaded="148" inserted="36" running="36" waiting="0" ended="0" arrived="0" collisions="0" teleports="0" halting="16" stopped="0" meanWaitingTime="0.00" meanTravelTime="-1.00" meanSpeed="7.01" meanSpeedRelative="0.50" duration="816919896"/>
    <step time="47.00" loaded="148" inserted="37" running="37" waiting="0" ended="0" arrived="0" collisions="0" teleports="0" halting="16" stopped="0" meanWaitingTime="0.00" meanTravelTime="-1.00" meanSpeed="6.94" meanSpeedRelative="0.50" duration="816920008"/>
    <step time="48.00" loaded="148" inserted="37" running="37" waiting="1" ended="0" arrived="0" collisions="0" teleports="0" halting="17" stopped="0" meanWaitingTime="0.00" meanTravelTime="-1.00" meanSpeed="6.64" meanSpeedRelative="0.48" duration="816920118"/>
    <step time="49.00" loaded="148" inserted="38" running="38" waiting="0" ended="0" arrived="0" collisions="0" teleports="0" halting="18" stopped="0" meanWaitingTime="0.03" meanTravelTime="-1.00" meanSpeed="6.53" meanSpeedRelative="0.47" duration="816920228"/>
    <step time="50.00" loaded="148" inserted="39" running="39" waiting="0" ended="0" arrived="0" collisions="0" teleports="0" halting="19" stopped="0" meanWaitingTime="0.03" meanTravelTime="-1.00" meanSpeed="6.38" meanSpeedRelative="0.46" duration="816920336"/>
    <step time="51.00" loaded="148" inserted="39" running="39" waiting="0" ended="0" arrived="0" collisions="0" teleports="0" halting="19" stopped="0" meanWaitingTime="0.03" meanTravelTime="-1.00" meanSpeed="6.05" meanSpeedRelative="0.44" duration="816920448"/>
    <step time="52.00" loaded="148" inserted="40" running="40" waiting="0" ended="0" arrived="0" collisions="0" teleports="0" halting="20" stopped="0" meanWaitingTime="0.03" meanTravelTime="-1.00" meanSpeed="5.95" meanSpeedRelative="0.43" duration="816920560"/>
    <step time="53.00" loaded="148" inserted="40" running="40" waiting="1" ended="0" arrived="0" collisions="0" teleports="0" halting="22" stopped="0" meanWaitingTime="0.03" meanTravelTime="-1.00" meanSpeed="5.61" meanSpeedRelative="0.40" duration="816920672"/>
    <step time="54.00" loaded="148" inserted="42" running="42" waiting="0" ended="0" arrived="0" collisions="0" teleports="0" halting="22" stopped="0" meanWaitingTime="0.05" meanTravelTime="-1.00" meanSpeed="5.94" meanSpeedRelative="0.43" duration="816920784"/>
    <step time="55.00" loaded="148" inserted="43" running="42" waiting="0" ended="1" arrived="1" collisions="0" teleports="0" halting="22" stopped="0" meanWaitingTime="0.05" meanTravelTime="54.00" meanSpeed="5.98" meanSpeedRelative="0.43" duration="816920895"/>
    <step time="56.00" loaded="148" inserted="44" running="43" waiting="0" ended="1" arrived="1" collisions="0" teleports="0" halting="23" stopped="0" meanWaitingTime="0.05" meanTravelTime="54.00" meanSpeed="6.12" meanSpeedRelative="0.44" duration="816921003"/>
    <step time="57.00" loaded="148" inserted="44" running="43" waiting="0" ended="1" arrived="1" collisions="0" teleports="0" halting="24" stopped="0" meanWaitingTime="0.05" meanTravelTime="54.00" meanSpeed="6.02" meanSpeedRelative="0.43" duration="816921112"/>
    <step time="58.00" loaded="148" inserted="45" running="44" waiting="0" ended="1" arrived="1" collisions="0" teleports="0" halting="24" stopped="0" meanWaitingTime="0.04" meanTravelTime="54.00" meanSpeed="5.96" meanSpeedRelative="0.43" duration="816921224"/>
    <step time="59.00" loaded="148" inserted="46" running="44" waiting="0" ended="2" arrived="2" collisions="0" teleports="0" halting="24" stopped="0" meanWaitingTime="0.04" meanTravelTime="54.50" meanSpeed="5.79" meanSpeedRelative="0.42" duration="816921336"/>
    <step time="60.00" loaded="148" inserted="47" running="45" waiting="0" ended="2" arrived="2" collisions="0" teleports="0" halting="21" stopped="0" meanWaitingTime="0.04" meanTravelTime="54.50" meanSpeed="5.78" meanSpeedRelative="0.42" duration="816921446"/>
    <step time="61.00" loaded="148" inserted="48" running="46" waiting="0" ended="2" arrived="2" collisions="0" teleports="0" halting="19" stopped="0" meanWaitingTime="0.04" meanTravelTime="54.50" meanSpeed="5.94" meanSpeedRelative="0.43" duration="816921557"/>
    <step time="62.00" loaded="148" inserted="49" running="47" waiting="0" ended="2" arrived="2" collisions="0" teleports="0" halting="18" stopped="0" meanWaitingTime="0.04" meanTravelTime="54.50" meanSpeed="6.15" meanSpeedRelative="0.44" duration="816921666"/>
    <step time="63.00" loaded="148" inserted="50" running="48" waiting="0" ended="2" arrived="2" collisions="0" teleports="0" halting="17" stopped="0" meanWaitingTime="0.04" meanTravelTime="54.50" meanSpeed="6.48" meanSpeedRelative="0.47" duration="816921776"/>
    <step time="64.00" loaded="148" inserted="50" running="48" waiting="0" ended="2" arrived="2" collisions="0" teleports="0" halting="18" stopped="0" meanWaitingTime="0.04" meanTravelTime="54.50" meanSpeed="6.64" meanSpeedRelative="0.48" duration="816921884"/>
    <step time="65.00" loaded="148" inserted="51" running="49" waiting="0" ended="2" arrived="2" collisions="0" teleports="0" halting="19" stopped="0" meanWaitingTime="0.04" meanTravelTime="54.50" meanSpeed="6.99" meanSpeedRelative="0.50" duration="816921993"/>
    <step time="66.00" loaded="148" inserted="51" running="49" waiting="0" ended="2" arrived="2" collisions="0" teleports="0" halting="19" stopped="0" meanWaitingTime="0.04" meanTravelTime="54.50" meanSpeed="7.04" meanSpeedRelative="0.51" duration="816922102"/>
    <step time="67.00" loaded="148" inserted="52" running="50" waiting="0" ended="2" arrived="2" collisions="0" teleports="0" halting="19" stopped="0" meanWaitingTime="0.04" meanTravelTime="54.50" meanSpeed="6.66" meanSpeedRelative="0.48" duration="816922214"/>
    <step time="68.00" loaded="148" inserted="53" running="51" waiting="0" ended="2" arrived="2" collisions="0" teleports="0" halting="20" stopped="0" meanWaitingTime="0.04" meanTravelTime="54.50" meanSpeed="6.66" meanSpeedRelative="0.48" duration="816922324"/>
    <step time="69.00" loaded="148" inserted="54" running="51" waiting="0" ended="3" arrived="3" collisions="0" teleports="0" halting="22" stopped="0" meanWaitingTime="0.04" meanTravelTime="59.33" meanSpeed="6.64" meanSpeedRelative="0.48" duration="816922432"/>
    <step time="70.00" loaded="148" inserted="55" running="52" waiting="0" ended="3" arrived="3" collisions="0" teleports="0" halting="23" stopped="0" meanWaitingTime="0.04" meanTravelTime="59.33" meanSpeed="6.61" meanSpeedRelative="0.48" duration="816922541"/>
    <step time="71.00" loaded="148" inserted="56" running="53" waiting="0" ended="3" arrived="3" collisions="0" teleports="0" halting="23" stopped="0" meanWaitingTime="0.04" meanTravelTime="59.33" meanSpeed="6.44" meanSpeedRelative="0.46" duration="816922650"/>
    <step time="72.00" loaded="148" inserted="57" running="54" waiting="0" ended="3" arrived="3" collisions="0" teleports="0" halting="24" stopped="0" meanWaitingTime="0.04" meanTravelTime="59.33" meanSpeed="6.35" meanSpeedRelative="0.46" duration="816922759"/>
    <step time="73.00" loaded="148" inserted="57" running="54" waiting="0" ended="3" arrived="3" collisions="0" teleports="0" halting="25" stopped="0" meanWaitingTime="0.04" meanTravelTime="59.33" meanSpeed="6.31" meanSpeedRelative="0.45" duration="816922869"/>
    <step time="74.00" loaded="148" inserted="57" running="54" waiting="1" ended="3" arrived="3" collisions="0" teleports="0" halting="27" stopped="0" meanWaitingTime="0.04" meanTravelTime="59.33" meanSpeed="6.26" meanSpeedRelative="0.45" duration="816922978"/>
    <step time="75.00" loaded="148" inserted="59" running="56" waiting="0" ended="3" arrived="3" collisions="0" teleports="0" halting="27" stopped="0" meanWaitingTime="0.05" meanTravelTime="59.33" meanSpeed="6.65" meanSpeedRelative="0.48" duration="816923090"/>
    <step time="76.00" loaded="148" inserted="60" running="57" waiting="0" ended="3" arrived="3" collisions="0" teleports="0" halting="27" stopped="0" meanWaitingTime="0.05" meanTravelTime="59.33" meanSpeed="6.51" meanSpeedRelative="0.47" duration="816923202"/>
    <step time="77.00" loaded="148" inserted="60" running="57" waiting="0" ended="3" arrived="3" collisions="0" teleports="0" halting="28" stopped="0" meanWaitingTime="0.05" meanTravelTime="59.33" meanSpeed="6.28" meanSpeedRelative="0.45" duration="816923314"/>
</summary>
